start, end, rq_time, request_id
38832, 535, 11.43, Request_01
2716, 37335, 80.52, Request_02
13970, 15199, 83.83, Request_03
6388, 7899, 241.59, Request_04
52238, 49047, 398.54, Request_05
39190, 43571, 475.44, Request_06
9796, 9347, 581.72, Request_07
9796, 9347, 581.72, Request_08
37458, 37469, 642.79, Request_09
11250, 3675, 651.25, Request_10
38942, 18001, 852.96, Request_11
33628, 3121, 860.14, Request_12
31802, 11343, 878.16, Request_13
22030, 1185, 1227.66, Request_14
3882, 15269, 1233.08, Request_15
54958, 11307, 1572.14, Request_16
54958, 11307, 1572.14, Request_17
38116, 26139, 1586.35, Request_18
18672, 8265, 1608.54, Request_19
36, 12959, 1622.4, Request_20
54958, 25997, 1756.27, Request_21
29250, 54971, 1778.06, Request_22
40632, 18329, 1795.43, Request_23
3972, 26139, 1818.92, Request_24
26138, 889, 1937.99, Request_25
19532, 15199, 2075.46, Request_26
22952, 2631, 2099.16, Request_27
19176, 2631, 2112.91, Request_28
3674, 2509, 2148.21, Request_29
3736, 8771, 2238.18, Request_30
5640, 54971, 2298.14, Request_31
6814, 191, 2380.02, Request_32
43218, 2799, 2421.98, Request_33
11362, 31031, 2462.66, Request_34
20700, 16291, 2535.67, Request_35
23566, 36237, 2848.31, Request_36
46030, 54971, 3058.12, Request_37
10060, 30597, 3142.86, Request_38
43986, 53293, 3272.39, Request_39
14296, 759, 3406.97, Request_40
24040, 41769, 3489.54, Request_41
29762, 49177, 3675.86, Request_42
1444, 54487, 3696.7, Request_43
37618, 38949, 3996.93, Request_44
49824, 8729, 4077.83, Request_45
20436, 46129, 4088.72, Request_46
4664, 25745, 4126.68, Request_47
2690, 54971, 4246.76, Request_48
2690, 54971, 4246.76, Request_49
17224, 17571, 4282.85, Request_50
54958, 53545, 4383.16, Request_51
15760, 54971, 4436.24, Request_52
23256, 6581, 4630.79, Request_53
6124, 25807, 4718.1, Request_54
44662, 11985, 4809.92, Request_55
13722, 37335, 5019.66, Request_56
8448, 26139, 5065.54, Request_57
26716, 9165, 5123.15, Request_58
15410, 54971, 5172.9, Request_59
44764, 3121, 5303.65, Request_60
14736, 15199, 5318.88, Request_61
33640, 15199, 5513.69, Request_62
52878, 36591, 5541.71, Request_63
29834, 54971, 5549.67, Request_64
694, 49773, 5636.56, Request_65
8336, 10685, 5880.07, Request_66
31252, 29431, 5979.65, Request_67
8604, 37335, 6109.44, Request_68
10170, 31251, 6230.72, Request_69
41774, 38293, 6250.8, Request_70
46014, 54971, 6399.88, Request_71
54958, 25003, 6489.21, Request_72
24198, 50045, 6580.87, Request_73
24198, 50045, 6580.87, Request_74
44266, 15199, 6772.96, Request_75
35466, 23425, 6776.86, Request_76
54958, 44993, 6807.01, Request_77
32502, 7521, 6840.51, Request_78
6508, 30015, 6849.44, Request_79
6508, 30015, 6849.44, Request_80
13162, 41843, 6897.07, Request_81
53764, 12907, 6950.69, Request_82
10066, 45273, 7032.07, Request_83
10372, 3979, 7198.53, Request_84
25444, 48085, 7263.33, Request_85
50334, 43513, 7404.85, Request_86
50334, 43513, 7404.85, Request_87
54958, 29227, 7467.82, Request_88
11804, 7711, 7503.45, Request_89
45898, 4057, 7545.44, Request_90
24624, 50017, 7574.44, Request_91
53716, 25445, 7697.76, Request_92
48892, 54971, 8002.03, Request_93
32488, 26391, 8101.6, Request_94
2630, 31683, 8121.55, Request_95
12358, 18329, 8297.57, Request_96
27490, 3019, 8387.89, Request_97
35664, 38579, 8460.38, Request_98
15746, 54971, 8508.05, Request_99
13806, 18329, 8511.45, Request_100
17528, 18329, 8519.38, Request_101
20068, 54971, 8545.51, Request_102
4374, 26875, 8575.61, Request_103
40006, 3981, 8582.81, Request_104
43722, 2631, 8610.38, Request_105
20620, 43843, 8695.78, Request_106
2958, 3675, 8869.8, Request_107
18438, 54971, 8934.74, Request_108
50028, 44173, 9016.71, Request_109
6854, 7027, 9089.34, Request_110
6532, 39459, 9158.17, Request_111
54958, 51825, 9274.51, Request_112
45728, 54971, 9311.72, Request_113
40562, 18329, 9337.95, Request_114
17012, 34423, 9352.48, Request_115
17012, 34423, 9352.48, Request_116
54958, 53563, 9354.46, Request_117
50918, 3067, 9506.3, Request_118
50870, 4597, 9577.27, Request_119
40330, 15199, 9791.96, Request_120
21840, 53199, 10126.46, Request_121
8658, 33427, 10195.54, Request_122
32004, 29533, 10282.13, Request_123
15704, 52951, 10303.27, Request_124
47266, 26139, 10455.01, Request_125
12170, 41183, 10500.5, Request_126
54958, 19765, 10652.28, Request_127
22272, 43691, 10791.17, Request_128
21464, 43143, 10826.49, Request_129
52610, 11227, 10975.3, Request_130
28776, 46727, 11076.49, Request_131
15598, 10037, 11083.06, Request_132
45072, 8005, 11154.77, Request_133
38072, 6237, 11284.47, Request_134
10140, 48517, 11399.54, Request_135
44834, 18329, 11562.29, Request_136
52270, 35853, 11693.83, Request_137
25444, 25757, 11892.61, Request_138
13024, 35687, 11914.09, Request_139
18738, 19521, 12030.66, Request_140
14704, 20771, 12453.49, Request_141
14466, 14157, 12571.21, Request_142
45072, 25935, 12611.59, Request_143
54958, 4973, 13168.62, Request_144
20544, 44781, 13350.9, Request_145
20544, 44781, 13350.9, Request_146
54958, 29533, 13370.25, Request_147
35978, 26813, 13507.61, Request_148
54958, 11183, 13567.55, Request_149
38888, 43045, 13746.17, Request_150
25764, 53329, 13783.35, Request_151
19940, 17359, 13820.76, Request_152
26138, 13493, 13919.74, Request_153
31808, 15199, 14248.7, Request_154
15750, 49603, 14624.82, Request_155
3052, 13493, 14942.65, Request_156
12170, 34427, 15000.62, Request_157
54958, 36099, 15012.84, Request_158
15406, 18773, 15021.56, Request_159
15406, 18773, 15021.56, Request_160
15582, 33469, 15182.13, Request_161
19914, 13885, 15191.76, Request_162
19982, 31681, 15525.56, Request_163
44424, 25445, 15533.23, Request_164
27304, 26875, 15634.57, Request_165
51540, 8615, 15935.2, Request_166
45842, 54033, 16362.03, Request_167
8714, 8341, 16744.75, Request_168
12704, 2631, 16752.56, Request_169
904, 24439, 16843.37, Request_170
19230, 19199, 16934.71, Request_171
38942, 20305, 16940.23, Request_172
33804, 46121, 16944.1, Request_173
26814, 3827, 17006.89, Request_174
36784, 54971, 17150.39, Request_175
54958, 48377, 17222.1, Request_176
51824, 54971, 17341.51, Request_177
26138, 3837, 17524.18, Request_178
19884, 883, 17568.38, Request_179
33832, 37335, 17719.53, Request_180
38942, 50299, 17735.61, Request_181
9062, 41181, 17838.35, Request_182
31010, 20309, 17892.21, Request_183
33640, 8423, 17925.26, Request_184
33640, 8423, 17925.26, Request_185
3980, 33065, 18018.16, Request_186
51024, 54971, 18036.26, Request_187
22786, 22773, 18145.0, Request_188
45072, 31087, 18148.62, Request_189
36500, 45701, 18208.13, Request_190
21464, 4643, 18456.12, Request_191
17150, 463, 18677.07, Request_192
16664, 37335, 18865.61, Request_193
40854, 18329, 19080.25, Request_194
22398, 52273, 19084.09, Request_195
14208, 55213, 19437.58, Request_196
276, 26909, 20004.1, Request_197
21464, 28739, 20221.68, Request_198
45072, 18997, 20450.97, Request_199
15340, 9905, 20870.2, Request_200
33018, 18329, 20878.69, Request_201
22968, 4779, 20986.38, Request_202
15514, 37335, 21041.14, Request_203
20212, 18329, 21188.24, Request_204
45798, 18329, 21235.8, Request_205
26138, 38735, 21326.78, Request_206
21464, 1139, 21540.96, Request_207
9998, 51639, 21634.49, Request_208
21464, 46373, 21642.76, Request_209
26138, 46503, 21773.41, Request_210
30812, 40413, 22376.49, Request_211
21464, 287, 23128.97, Request_212
16010, 19191, 23163.34, Request_213
6016, 23365, 23263.28, Request_214
25444, 4375, 23326.36, Request_215
17450, 31055, 23409.76, Request_216
54958, 33165, 23444.23, Request_217
3636, 28261, 23720.62, Request_218
6044, 4877, 23848.35, Request_219
9954, 15775, 23964.3, Request_220
21464, 54923, 24134.19, Request_221
50762, 9699, 24145.32, Request_222
50870, 4603, 24373.97, Request_223
21464, 8065, 24461.77, Request_224
21464, 29043, 24727.53, Request_225
14892, 4503, 24870.62, Request_226
6500, 5995, 25093.5, Request_227
3674, 36163, 25160.56, Request_228
25842, 24907, 25302.93, Request_229
16590, 32659, 25675.15, Request_230
33928, 3675, 25694.36, Request_231
48666, 28901, 26029.68, Request_232
38942, 8335, 26101.03, Request_233
53490, 53373, 26106.64, Request_234
50870, 43843, 26142.33, Request_235
13864, 37335, 26149.2, Request_236
50870, 10673, 26881.25, Request_237
31174, 32777, 26913.65, Request_238
27472, 37335, 26968.01, Request_239
38942, 15693, 26970.22, Request_240
52610, 6197, 27023.28, Request_241
38942, 36633, 27214.49, Request_242
3120, 4745, 27255.6, Request_243
21464, 3927, 27267.33, Request_244
9954, 52435, 27291.5, Request_245
19230, 37335, 27472.13, Request_246
21464, 53567, 27520.21, Request_247
13698, 2631, 27535.9, Request_248
3526, 26945, 27638.17, Request_249
5580, 49609, 27700.43, Request_250
9954, 54919, 27811.02, Request_251
36636, 49609, 27998.37, Request_252
46136, 17463, 28205.39, Request_253
27484, 37335, 28214.88, Request_254
24470, 15197, 28268.64, Request_255
50870, 50197, 28368.49, Request_256
2894, 33693, 28394.39, Request_257
2512, 4977, 28452.0, Request_258
49450, 27055, 28806.71, Request_259
53062, 52333, 28884.95, Request_260
43748, 14447, 28919.97, Request_261
16488, 971, 29002.46, Request_262
51018, 54477, 29010.69, Request_263
15318, 18643, 29052.87, Request_264
35978, 145, 29085.91, Request_265
11244, 8539, 29122.42, Request_266
54958, 20073, 29133.38, Request_267
3120, 4185, 29246.86, Request_268
47956, 37575, 29327.5, Request_269
45072, 35555, 29334.46, Request_270
31332, 37335, 29357.75, Request_271
22266, 32187, 29480.86, Request_272
9954, 53661, 29481.75, Request_273
15850, 5959, 29556.13, Request_274
12966, 15823, 29556.67, Request_275
1758, 25783, 29583.8, Request_276
21464, 39709, 29649.4, Request_277
31788, 25031, 29669.47, Request_278
10166, 35379, 29706.22, Request_279
50500, 19587, 29740.18, Request_280
8960, 2501, 29756.44, Request_281
36590, 25819, 29761.84, Request_282
22770, 41201, 29796.25, Request_283
41750, 18989, 29802.15, Request_284
47950, 50139, 29884.39, Request_285
44430, 973, 29898.96, Request_286
3908, 30987, 29905.31, Request_287
12148, 47275, 29914.16, Request_288
20842, 34041, 29938.99, Request_289
33690, 26139, 29951.48, Request_290
26998, 14691, 30033.61, Request_291
36508, 19195, 30187.46, Request_292
51746, 54971, 30204.3, Request_293
36838, 23705, 30223.89, Request_294
3884, 6323, 30231.15, Request_295
21464, 7007, 30286.31, Request_296
38992, 45445, 30294.21, Request_297
28890, 16777, 30309.11, Request_298
21464, 53087, 30341.96, Request_299
4184, 53009, 30365.23, Request_300
774, 7149, 30367.75, Request_301
24310, 37335, 30380.15, Request_302
162, 41753, 30414.45, Request_303
8444, 2631, 30441.37, Request_304
3826, 6215, 30492.62, Request_305
39448, 39381, 30558.92, Request_306
32950, 27485, 30770.89, Request_307
50870, 53047, 30797.31, Request_308
19506, 20295, 30806.53, Request_309
3686, 36041, 30818.19, Request_310
6632, 51219, 30835.75, Request_311
12720, 37939, 30839.09, Request_312
30490, 29547, 30850.57, Request_313
46594, 16981, 30861.29, Request_314
24036, 22267, 30876.83, Request_315
28230, 46135, 30935.94, Request_316
12572, 15521, 30945.95, Request_317
46338, 17521, 30947.43, Request_318
21464, 337, 31048.9, Request_319
38942, 9481, 31084.57, Request_320
11992, 8571, 31117.81, Request_321
12168, 7795, 31192.98, Request_322
25444, 2893, 31304.67, Request_323
21942, 24973, 31333.96, Request_324
8570, 35465, 31366.28, Request_325
49594, 37335, 31371.17, Request_326
36778, 5937, 31387.35, Request_327
2500, 24419, 31451.95, Request_328
21464, 35709, 31453.19, Request_329
20344, 26993, 31469.23, Request_330
25444, 23279, 31527.28, Request_331
8320, 15469, 31619.4, Request_332
53804, 9551, 31627.07, Request_333
50714, 8571, 31636.12, Request_334
19146, 42195, 31645.45, Request_335
3674, 53749, 31665.89, Request_336
35812, 1985, 31751.4, Request_337
48678, 22925, 31770.98, Request_338
16460, 3933, 31772.18, Request_339
3884, 6323, 31784.4, Request_340
29072, 33933, 31810.02, Request_341
3984, 26599, 31901.47, Request_342
53852, 50687, 31943.72, Request_343
3502, 28175, 31963.66, Request_344
29878, 14457, 32025.72, Request_345
45072, 35555, 32032.09, Request_346
41024, 15905, 32149.29, Request_347
13730, 22399, 32163.59, Request_348
15858, 38363, 32255.29, Request_349
762, 4005, 32263.52, Request_350
484, 37335, 32281.25, Request_351
21464, 10993, 32284.2, Request_352
51226, 24971, 32297.72, Request_353
36510, 27321, 32344.99, Request_354
18390, 34527, 32387.79, Request_355
14672, 27497, 32414.79, Request_356
49614, 1451, 32450.61, Request_357
26138, 6275, 32492.59, Request_358
43122, 38839, 32550.47, Request_359
44410, 9029, 32598.73, Request_360
13648, 7037, 32616.45, Request_361
35230, 4199, 32717.14, Request_362
24838, 9939, 32892.82, Request_363
10128, 8449, 32953.78, Request_364
25774, 39561, 33031.81, Request_365
29236, 30329, 33123.19, Request_366
51738, 8571, 33129.09, Request_367
45780, 48369, 33148.35, Request_368
46098, 45415, 33184.8, Request_369
220, 15929, 33270.34, Request_370
6412, 21617, 33284.42, Request_371
25778, 25819, 33388.17, Request_372
7826, 53823, 33396.82, Request_373
33678, 15199, 33432.78, Request_374
2524, 38961, 33470.69, Request_375
38888, 42555, 33475.87, Request_376
54958, 5011, 33518.62, Request_377
3078, 26031, 33567.09, Request_378
37744, 6613, 33592.21, Request_379
53058, 16313, 33593.71, Request_380
9954, 3805, 33646.3, Request_381
24752, 37335, 33682.61, Request_382
8334, 37335, 33743.86, Request_383
18396, 52331, 33806.41, Request_384
32298, 33589, 33855.81, Request_385
53144, 50717, 33955.48, Request_386
34116, 29257, 33957.02, Request_387
3626, 8087, 34037.41, Request_388
6612, 20625, 34095.3, Request_389
18256, 12295, 34104.92, Request_390
26674, 37901, 34173.66, Request_391
16344, 37573, 34306.46, Request_392
45086, 41179, 34391.68, Request_393
21598, 46129, 34604.33, Request_394
15904, 38051, 34618.78, Request_395
52956, 2631, 34630.82, Request_396
17554, 22529, 34638.94, Request_397
33900, 36057, 34646.79, Request_398
11820, 8571, 34694.99, Request_399
31464, 50495, 34751.3, Request_400
54958, 31303, 34756.98, Request_401
33920, 3069, 34787.05, Request_402
17720, 41787, 34993.65, Request_403
13162, 39757, 35027.95, Request_404
12570, 16603, 35064.96, Request_405
54958, 33023, 35113.83, Request_406
54306, 49517, 35125.58, Request_407
1990, 34271, 35226.96, Request_408
17366, 26725, 35267.68, Request_409
14296, 16601, 35340.3, Request_410
25444, 27793, 35419.87, Request_411
30048, 15167, 35508.89, Request_412
13794, 18329, 35578.41, Request_413
44042, 20057, 35608.56, Request_414
18012, 32157, 35677.53, Request_415
2902, 2897, 35687.3, Request_416
21464, 17521, 35749.99, Request_417
34148, 15945, 35776.03, Request_418
35394, 42883, 35808.17, Request_419
34044, 24249, 36003.3, Request_420
34044, 24249, 36003.3, Request_421
11386, 26825, 36043.85, Request_422
25330, 36865, 36048.62, Request_423
11978, 6535, 36057.57, Request_424
12570, 10273, 36064.3, Request_425
18376, 37467, 36067.3, Request_426
21238, 25845, 36108.88, Request_427
21238, 25845, 36108.88, Request_428
39144, 22523, 36123.36, Request_429
16622, 18981, 36131.05, Request_430
46778, 10239, 36160.4, Request_431
54958, 22265, 36172.44, Request_432
586, 15993, 36180.01, Request_433
48368, 34313, 36180.26, Request_434
43156, 16791, 36183.09, Request_435
24834, 2297, 36209.65, Request_436
49894, 15565, 36246.46, Request_437
50870, 53975, 36271.0, Request_438
36512, 3523, 36449.85, Request_439
19498, 19515, 36464.43, Request_440
39398, 25545, 36466.75, Request_441
31252, 29559, 36466.94, Request_442
24250, 35033, 36500.71, Request_443
11342, 43465, 36556.2, Request_444
2630, 33155, 36607.71, Request_445
54958, 29245, 36612.26, Request_446
3842, 413, 36615.93, Request_447
17600, 8431, 36678.57, Request_448
42970, 23087, 36694.88, Request_449
4936, 11741, 36807.55, Request_450
9924, 32305, 36934.34, Request_451
16600, 7375, 36938.19, Request_452
18800, 30987, 36954.62, Request_453
6390, 4095, 36968.81, Request_454
3604, 9715, 37086.24, Request_455
36508, 12969, 37160.79, Request_456
20914, 4979, 37167.8, Request_457
29956, 19655, 37171.94, Request_458
31708, 31101, 37188.15, Request_459
6392, 50375, 37197.0, Request_460
31112, 8453, 37225.33, Request_461
29236, 19241, 37265.96, Request_462
7242, 48845, 37270.88, Request_463
10242, 52097, 37283.01, Request_464
4510, 27319, 37370.06, Request_465
19510, 43451, 37460.88, Request_466
12470, 31831, 37525.54, Request_467
53304, 8323, 37566.12, Request_468
20590, 48567, 37591.59, Request_469
7738, 40329, 37680.37, Request_470
42598, 39271, 37713.25, Request_471
9440, 36137, 37713.67, Request_472
52050, 18691, 37715.33, Request_473
47076, 8323, 37715.56, Request_474
50870, 13517, 37981.98, Request_475
18012, 55155, 38020.66, Request_476
24846, 15851, 38025.17, Request_477
18060, 43107, 38046.63, Request_478
4078, 27653, 38137.29, Request_479
6910, 7039, 38137.92, Request_480
29242, 37749, 38224.9, Request_481
48410, 31113, 38257.23, Request_482
24824, 18395, 38266.26, Request_483
24824, 18395, 38266.26, Request_484
24250, 24731, 38278.72, Request_485
27472, 34305, 38317.36, Request_486
3006, 52331, 38334.84, Request_487
40630, 1445, 38385.53, Request_488
6866, 38079, 38408.54, Request_489
45740, 51219, 38577.93, Request_490
29242, 26031, 38582.43, Request_491
33022, 38581, 38617.6, Request_492
3018, 40331, 38685.59, Request_493
25444, 31085, 38722.77, Request_494
31104, 4053, 38726.37, Request_495
41030, 20601, 38740.06, Request_496
8570, 44403, 38765.81, Request_497
28230, 10657, 38831.78, Request_498
17144, 29863, 38856.52, Request_499
428, 13467, 38857.38, Request_500
10392, 13179, 38867.71, Request_501
20862, 15945, 38875.9, Request_502
21464, 1429, 38891.58, Request_503
15132, 7353, 38894.68, Request_504
3834, 36197, 38900.76, Request_505
12046, 6657, 38917.76, Request_506
1802, 9225, 38974.1, Request_507
4106, 18055, 39094.56, Request_508
6680, 27713, 39104.68, Request_509
4098, 31819, 39201.29, Request_510
18390, 32859, 39203.3, Request_511
52934, 36427, 39237.65, Request_512
15234, 18431, 39274.55, Request_513
26842, 19131, 39282.43, Request_514
30750, 2895, 39291.98, Request_515
31354, 10973, 39305.83, Request_516
13488, 15653, 39320.28, Request_517
41818, 21575, 39323.13, Request_518
21464, 35773, 39359.21, Request_519
9636, 34711, 39386.17, Request_520
26138, 17699, 39396.51, Request_521
38140, 10671, 39401.41, Request_522
25444, 32995, 39462.76, Request_523
52884, 53155, 39481.34, Request_524
37938, 45897, 39507.98, Request_525
22290, 19041, 39560.29, Request_526
9876, 15635, 39562.7, Request_527
6730, 23415, 39585.9, Request_528
9416, 15457, 39586.81, Request_529
16488, 26607, 39688.01, Request_530
20564, 28767, 39710.16, Request_531
18718, 41865, 39790.91, Request_532
2870, 6165, 39878.92, Request_533
11294, 36743, 39878.93, Request_534
24250, 37979, 39934.7, Request_535
46338, 23449, 39938.01, Request_536
28976, 6821, 39940.36, Request_537
50604, 25331, 39952.39, Request_538
40328, 27773, 39979.92, Request_539
1352, 4859, 40118.41, Request_540
41370, 33455, 40148.57, Request_541
36376, 10777, 40279.29, Request_542
22014, 15851, 40291.23, Request_543
4184, 8433, 40408.5, Request_544
3834, 1773, 40430.76, Request_545
34526, 44225, 40431.16, Request_546
17664, 12159, 40447.94, Request_547
42084, 45609, 40456.88, Request_548
46128, 14155, 40476.89, Request_549
38992, 17457, 40518.38, Request_550
15760, 24589, 40613.03, Request_551
39420, 54929, 40614.58, Request_552
11054, 27645, 40623.43, Request_553
12728, 27649, 40636.02, Request_554
4248, 6619, 40698.34, Request_555
34048, 26597, 40705.92, Request_556
5250, 14747, 40709.06, Request_557
8340, 11799, 40724.26, Request_558
3606, 48553, 40740.12, Request_559
50418, 21117, 40809.55, Request_560
45298, 31061, 40889.35, Request_561
24802, 4033, 40917.22, Request_562
4240, 38131, 40962.49, Request_563
18986, 50389, 40973.91, Request_564
26718, 5895, 40977.4, Request_565
19918, 6423, 40991.75, Request_566
27412, 31395, 41001.65, Request_567
25042, 16501, 41032.38, Request_568
45072, 241, 41059.95, Request_569
12958, 4849, 41118.35, Request_570
1696, 20029, 41125.99, Request_571
15828, 23017, 41257.16, Request_572
21616, 7829, 41281.42, Request_573
15850, 46017, 41286.0, Request_574
14710, 40331, 41287.74, Request_575
20148, 25005, 41310.05, Request_576
14448, 25349, 41366.54, Request_577
19018, 10779, 41420.12, Request_578
13758, 50571, 41447.29, Request_579
35020, 8417, 41473.57, Request_580
45072, 46473, 41616.84, Request_581
15918, 8487, 41634.79, Request_582
15918, 8487, 41634.79, Request_583
14258, 7405, 41669.19, Request_584
17870, 18395, 41675.56, Request_585
54958, 54957, 41703.76, Request_586
3650, 18423, 41704.93, Request_587
52936, 16333, 41715.1, Request_588
32124, 54971, 41723.94, Request_589
2872, 17665, 41725.73, Request_590
41178, 25327, 41727.95, Request_591
11244, 33419, 41750.56, Request_592
20596, 52905, 41809.67, Request_593
3928, 34307, 41836.85, Request_594
38942, 6765, 41844.61, Request_595
2124, 5183, 41861.72, Request_596
8570, 3073, 41896.87, Request_597
2490, 17665, 41917.9, Request_598
29172, 13867, 41918.15, Request_599
37574, 15657, 41927.17, Request_600
38058, 53723, 41966.87, Request_601
30596, 35249, 41989.84, Request_602
41784, 6195, 42001.97, Request_603
9122, 50387, 42019.35, Request_604
12600, 26359, 42023.53, Request_605
20636, 12485, 42046.78, Request_606
29236, 12575, 42071.4, Request_607
23610, 26139, 42077.49, Request_608
4976, 16465, 42087.19, Request_609
13692, 33507, 42132.71, Request_610
1106, 12959, 42140.15, Request_611
18610, 38177, 42164.39, Request_612
50374, 2239, 42166.86, Request_613
45796, 35953, 42167.37, Request_614
21464, 41255, 42174.51, Request_615
40410, 53129, 42250.45, Request_616
762, 759, 42258.84, Request_617
21464, 3515, 42271.29, Request_618
26596, 23009, 42285.04, Request_619
3834, 1773, 42326.88, Request_620
144, 22341, 42347.4, Request_621
53290, 9713, 42361.26, Request_622
22922, 4117, 42380.64, Request_623
1678, 18799, 42380.82, Request_624
26308, 53727, 42431.38, Request_625
26358, 20255, 42436.94, Request_626
19498, 39755, 42460.19, Request_627
14740, 24839, 42464.93, Request_628
16810, 21043, 42503.56, Request_629
41182, 48371, 42512.22, Request_630
13454, 16239, 42574.15, Request_631
7334, 3943, 42585.96, Request_632
13054, 26605, 42605.12, Request_633
13054, 26605, 42605.12, Request_634
38828, 15731, 42633.93, Request_635
13970, 6427, 42683.75, Request_636
25196, 39401, 42706.24, Request_637
20308, 4995, 42745.02, Request_638
50870, 36597, 42748.27, Request_639
12568, 25619, 42777.18, Request_640
33110, 8437, 42778.08, Request_641
3120, 4939, 42780.69, Request_642
28694, 4745, 42783.96, Request_643
16194, 2275, 42840.85, Request_644
13452, 51521, 42852.88, Request_645
45696, 6889, 42871.53, Request_646
17210, 3617, 42907.73, Request_647
50608, 36431, 42915.11, Request_648
22076, 53793, 42947.96, Request_649
356, 5885, 42957.82, Request_650
10020, 15179, 42964.7, Request_651
54964, 48893, 42967.11, Request_652
44338, 34279, 43013.82, Request_653
14264, 7489, 43013.83, Request_654
18162, 38885, 43032.94, Request_655
53282, 51441, 43109.69, Request_656
296, 10149, 43160.3, Request_657
28856, 39037, 43189.38, Request_658
3890, 2911, 43257.16, Request_659
34154, 15945, 43273.95, Request_660
38008, 14261, 43335.5, Request_661
4240, 24683, 43342.19, Request_662
738, 6711, 43409.96, Request_663
49590, 37335, 43417.68, Request_664
190, 6881, 43432.29, Request_665
14794, 12189, 43498.19, Request_666
23072, 40329, 43525.1, Request_667
4240, 2525, 43544.13, Request_668
7518, 27021, 43573.88, Request_669
24192, 27375, 43599.17, Request_670
3652, 25985, 43617.65, Request_671
4240, 10769, 43783.3, Request_672
37652, 2795, 43867.95, Request_673
26138, 32925, 43871.11, Request_674
38942, 38875, 43872.21, Request_675
45784, 9433, 43930.69, Request_676
30690, 16901, 44001.33, Request_677
15234, 43481, 44006.11, Request_678
6182, 28977, 44023.93, Request_679
25006, 4221, 44024.73, Request_680
1968, 36171, 44036.02, Request_681
45072, 25301, 44071.68, Request_682
25482, 34277, 44076.6, Request_683
13624, 1997, 44113.68, Request_684
13458, 18507, 44127.79, Request_685
23016, 27825, 44183.35, Request_686
21940, 51861, 44206.89, Request_687
50570, 36265, 44214.17, Request_688
34526, 9579, 44222.25, Request_689
13158, 21941, 44353.24, Request_690
38890, 33125, 44359.15, Request_691
52406, 15199, 44389.07, Request_692
7832, 4043, 44408.95, Request_693
21464, 3149, 44431.43, Request_694
5856, 37335, 44432.12, Request_695
18804, 15045, 44444.59, Request_696
27288, 2297, 44449.56, Request_697
6174, 38595, 44457.25, Request_698
36414, 9119, 44490.48, Request_699
15174, 21239, 44508.59, Request_700
4976, 24251, 44516.47, Request_701
8562, 42909, 44516.83, Request_702
14336, 52203, 44520.23, Request_703
16780, 38993, 44550.61, Request_704
3516, 3015, 44580.58, Request_705
54958, 54957, 44597.28, Request_706
33660, 909, 44624.74, Request_707
1478, 37335, 44684.9, Request_708
24590, 19475, 44712.3, Request_709
27190, 34527, 44717.81, Request_710
6190, 15199, 44729.61, Request_711
46840, 45801, 44867.78, Request_712
24842, 44479, 44944.84, Request_713
10980, 10025, 45046.24, Request_714
10392, 27831, 45050.87, Request_715
50870, 11165, 45054.42, Request_716
21940, 51861, 45055.66, Request_717
35604, 707, 45073.71, Request_718
26138, 15817, 45117.03, Request_719
3120, 9039, 45123.27, Request_720
38942, 1481, 45141.62, Request_721
17664, 3985, 45213.2, Request_722
546, 27369, 45221.94, Request_723
25678, 15905, 45246.56, Request_724
23432, 53289, 45251.32, Request_725
25800, 2295, 45280.63, Request_726
20304, 16257, 45281.7, Request_727
45072, 19047, 45388.96, Request_728
11538, 20091, 45424.38, Request_729
12172, 32943, 45439.48, Request_730
49254, 8011, 45449.21, Request_731
20146, 46137, 45470.18, Request_732
27372, 16773, 45508.13, Request_733
8244, 18379, 45577.61, Request_734
49730, 30579, 45585.7, Request_735
16048, 25779, 45589.89, Request_736
30000, 24593, 45602.68, Request_737
3580, 20309, 45602.94, Request_738
28976, 52033, 45609.43, Request_739
1352, 249, 45656.27, Request_740
55464, 5633, 45675.53, Request_741
21902, 22285, 45686.81, Request_742
34526, 53457, 45742.59, Request_743
48484, 29237, 45748.05, Request_744
3038, 2299, 45759.2, Request_745
51884, 2907, 45765.06, Request_746
3930, 51213, 45824.39, Request_747
30754, 29567, 45880.82, Request_748
32012, 5585, 45905.62, Request_749
34146, 21841, 45907.71, Request_750
43560, 15655, 45915.28, Request_751
14690, 38985, 45918.41, Request_752
11534, 32729, 45957.89, Request_753
8614, 17665, 45966.05, Request_754
25932, 4821, 45993.72, Request_755
25444, 40669, 46050.99, Request_756
9632, 32521, 46058.74, Request_757
54752, 45801, 46069.3, Request_758
19760, 33099, 46092.63, Request_759
44044, 8487, 46093.63, Request_760
3070, 26843, 46117.79, Request_761
33948, 25331, 46117.89, Request_762
50870, 9439, 46122.61, Request_763
52028, 30629, 46156.8, Request_764
34038, 37335, 46163.64, Request_765
51470, 20591, 46181.79, Request_766
15264, 37951, 46226.65, Request_767
14260, 39555, 46239.23, Request_768
25932, 4821, 46296.64, Request_769
49512, 22787, 46298.17, Request_770
31112, 12167, 46366.76, Request_771
9008, 8571, 46388.22, Request_772
41870, 11245, 46402.92, Request_773
5706, 21403, 46403.62, Request_774
9632, 53679, 46420.83, Request_775
9954, 48805, 46435.24, Request_776
29416, 37335, 46444.34, Request_777
12572, 43853, 46469.28, Request_778
5834, 18601, 46473.4, Request_779
35984, 18399, 46479.09, Request_780
38942, 38875, 46520.87, Request_781
6534, 7021, 46547.81, Request_782
3842, 43843, 46574.66, Request_783
46910, 15851, 46651.21, Request_784
10738, 29965, 46684.97, Request_785
8550, 54971, 46706.06, Request_786
9954, 19081, 46735.33, Request_787
34094, 3017, 46797.97, Request_788
33690, 42343, 46867.26, Request_789
31084, 22557, 46868.97, Request_790
38140, 903, 47001.16, Request_791
18182, 25445, 47109.64, Request_792
4778, 1211, 47159.94, Request_793
13632, 54971, 47163.59, Request_794
9008, 21389, 47190.88, Request_795
38182, 6487, 47253.53, Request_796
8246, 1361, 47299.53, Request_797
11362, 21507, 47332.9, Request_798
6550, 27761, 47340.13, Request_799
18392, 49515, 47467.64, Request_800
34656, 25007, 47534.53, Request_801
11044, 23853, 47544.92, Request_802
35080, 30657, 47552.55, Request_803
32026, 45049, 47600.32, Request_804
14134, 1443, 47725.31, Request_805
48694, 2241, 47889.64, Request_806
10138, 13621, 47910.9, Request_807
15142, 54971, 48248.48, Request_808
21586, 7931, 48313.14, Request_809
38890, 30869, 48386.43, Request_810
6080, 15593, 48392.52, Request_811
32910, 15199, 48444.85, Request_812
25444, 17885, 48472.51, Request_813
15278, 5841, 48484.43, Request_814
7496, 13207, 48571.71, Request_815
6428, 15199, 48575.0, Request_816
4798, 44853, 48627.72, Request_817
6310, 17391, 48631.19, Request_818
3518, 31905, 48674.04, Request_819
42590, 34273, 48698.14, Request_820
20580, 15859, 48755.76, Request_821
28042, 27175, 48765.3, Request_822
21422, 20137, 48801.29, Request_823
54958, 30295, 48959.98, Request_824
27670, 929, 48973.8, Request_825
7406, 25183, 48983.75, Request_826
35396, 34277, 49007.91, Request_827
19970, 19229, 49083.5, Request_828
18054, 46141, 49083.54, Request_829
2206, 35289, 49095.54, Request_830
46238, 15423, 49126.64, Request_831
45072, 48319, 49174.27, Request_832
36712, 26205, 49322.9, Request_833
16768, 2631, 49485.38, Request_834
8830, 14639, 49511.84, Request_835
7688, 13837, 49520.0, Request_836
4056, 25775, 49541.59, Request_837
45072, 33631, 49653.19, Request_838
12060, 4139, 49893.61, Request_839
26138, 16167, 49917.13, Request_840
30010, 48901, 50035.58, Request_841
28812, 35409, 50149.17, Request_842
120, 26139, 50153.08, Request_843
34152, 36641, 50313.68, Request_844
45072, 38627, 50316.66, Request_845
20324, 28769, 50448.47, Request_846
13728, 37335, 50614.65, Request_847
4762, 33527, 50634.46, Request_848
54846, 52443, 50710.33, Request_849
11244, 43983, 50796.57, Request_850
9958, 8571, 50841.25, Request_851
9810, 17199, 50884.64, Request_852
21464, 50707, 50918.56, Request_853
43534, 18329, 50960.57, Request_854
20132, 54971, 51025.0, Request_855
38942, 29171, 51224.11, Request_856
43560, 2223, 51289.74, Request_857
19170, 37335, 51320.77, Request_858
35766, 18719, 51375.86, Request_859
4098, 48373, 51437.26, Request_860
26836, 2631, 51524.35, Request_861
43582, 44041, 51635.31, Request_862
6976, 5995, 51637.11, Request_863
53524, 36013, 51655.8, Request_864
26892, 37335, 51656.34, Request_865
250, 18329, 51710.49, Request_866
31738, 39557, 51718.92, Request_867
36584, 25007, 51822.46, Request_868
5894, 31255, 51919.56, Request_869
31362, 50495, 51934.3, Request_870
17114, 41765, 51937.91, Request_871
34068, 37335, 51991.17, Request_872
54824, 15199, 52014.92, Request_873
17678, 15199, 52040.59, Request_874
19738, 21239, 52192.46, Request_875
18756, 18429, 52232.26, Request_876
1410, 30845, 52259.98, Request_877
38942, 10405, 52260.12, Request_878
7394, 7399, 52321.2, Request_879
27374, 2721, 52330.31, Request_880
45698, 54971, 52336.85, Request_881
11304, 30701, 52389.94, Request_882
32690, 26623, 52433.62, Request_883
48198, 2909, 52435.02, Request_884
21558, 18967, 52498.69, Request_885
17702, 3121, 52514.25, Request_886
10126, 2299, 52515.52, Request_887
588, 16945, 52587.22, Request_888
49816, 17665, 52630.29, Request_889
8012, 4603, 52646.08, Request_890
3420, 15013, 52692.39, Request_891
31954, 38513, 52741.98, Request_892
4510, 24439, 52770.82, Request_893
46294, 42989, 52836.27, Request_894
36080, 48377, 52953.15, Request_895
25646, 25783, 52973.61, Request_896
34876, 3675, 53013.68, Request_897
10940, 34273, 53025.93, Request_898
20864, 24745, 53219.53, Request_899
36446, 3675, 53293.73, Request_900
18082, 26611, 53330.36, Request_901
5600, 8433, 53399.01, Request_902
38508, 18775, 53421.56, Request_903
50052, 2631, 53485.46, Request_904
14236, 37335, 53500.88, Request_905
20292, 39449, 53575.29, Request_906
55224, 53371, 53615.66, Request_907
45802, 24839, 53713.29, Request_908
11008, 25465, 53807.92, Request_909
30800, 40409, 53822.91, Request_910
26138, 32869, 53901.35, Request_911
2906, 19819, 53946.57, Request_912
28944, 18329, 54009.24, Request_913
3770, 24261, 54222.1, Request_914
27372, 44145, 54350.95, Request_915
38942, 29037, 54408.55, Request_916
53370, 25971, 54566.54, Request_917
30596, 8341, 54625.22, Request_918
8630, 33683, 54635.34, Request_919
21464, 6975, 54708.82, Request_920
586, 36075, 54726.12, Request_921
48410, 15945, 54848.35, Request_922
23254, 54971, 54871.03, Request_923
19816, 18329, 54890.07, Request_924
2630, 6483, 54952.51, Request_925
20480, 3253, 54955.93, Request_926
29196, 41867, 55113.84, Request_927
1242, 1275, 55117.01, Request_928
11388, 28977, 55230.26, Request_929
16800, 41421, 55248.52, Request_930
28648, 52441, 55461.41, Request_931
7022, 32485, 55483.22, Request_932
21464, 24739, 55673.86, Request_933
35386, 32957, 55714.96, Request_934
40854, 8337, 55732.11, Request_935
9454, 9267, 55775.62, Request_936
5358, 54971, 55792.1, Request_937
17566, 1785, 56223.69, Request_938
20858, 43515, 56353.8, Request_939
51644, 25845, 56398.13, Request_940
18428, 19669, 56490.19, Request_941
32388, 25391, 56502.37, Request_942
53430, 19209, 56509.48, Request_943
4980, 27823, 56541.11, Request_944
2630, 34957, 56572.34, Request_945
45072, 10663, 56609.74, Request_946
25444, 9435, 56690.99, Request_947
27294, 467, 56816.86, Request_948
27134, 25445, 56882.6, Request_949
40854, 3121, 56943.56, Request_950
4114, 2631, 57025.18, Request_951
4800, 11941, 57164.37, Request_952
13798, 681, 57168.61, Request_953
46980, 11043, 57193.27, Request_954
8526, 30335, 57347.79, Request_955
780, 37335, 57563.68, Request_956
33896, 20173, 57592.0, Request_957
49824, 20093, 57639.92, Request_958
3520, 40329, 57655.6, Request_959
50980, 15791, 57688.5, Request_960
39556, 27373, 57698.58, Request_961
39556, 27373, 57698.58, Request_962
10572, 8151, 57706.21, Request_963
17558, 51247, 57759.09, Request_964
38994, 10849, 57790.54, Request_965
21442, 11137, 57874.56, Request_966
2868, 12727, 57882.57, Request_967
50052, 25445, 57902.9, Request_968
19916, 11829, 57952.16, Request_969
36576, 51521, 58026.32, Request_970
3830, 36375, 58044.05, Request_971
12568, 33799, 58057.7, Request_972
18774, 18761, 58062.38, Request_973
8592, 51843, 58065.08, Request_974
7396, 11987, 58079.48, Request_975
45508, 13119, 58108.22, Request_976
10780, 15015, 58178.86, Request_977
50728, 54971, 58235.48, Request_978
6160, 30799, 58269.99, Request_979
47992, 19653, 58305.5, Request_980
18784, 15149, 58353.7, Request_981
18784, 15149, 58353.7, Request_982
19748, 2295, 58397.14, Request_983
18998, 22361, 58428.71, Request_984
50182, 847, 58455.83, Request_985
34278, 8933, 58569.05, Request_986
25444, 33587, 58621.07, Request_987
30398, 2295, 58625.84, Request_988
44216, 34955, 58629.2, Request_989
28622, 51851, 58687.09, Request_990
53118, 25039, 58808.16, Request_991
4552, 37335, 58856.61, Request_992
18868, 3619, 58873.18, Request_993
3120, 44057, 58920.13, Request_994
16600, 22283, 58985.84, Request_995
13468, 43185, 59045.01, Request_996
25006, 35249, 59070.47, Request_997
22220, 3675, 59103.6, Request_998
21072, 4349, 59124.6, Request_999
4926, 2265, 59137.07, Request_1000
22958, 15423, 59149.71, Request_1001
11394, 28977, 59158.96, Request_1002
53826, 17295, 59182.94, Request_1003
43562, 8887, 59239.86, Request_1004
11284, 54971, 59337.55, Request_1005
3608, 26753, 59364.96, Request_1006
45798, 1765, 59381.43, Request_1007
18852, 49825, 59395.14, Request_1008
52036, 27483, 59403.31, Request_1009
52282, 3829, 59441.43, Request_1010
11094, 52701, 59444.97, Request_1011
21464, 22265, 59629.54, Request_1012
33928, 25843, 59738.57, Request_1013
12572, 6851, 59742.0, Request_1014
16800, 24843, 59790.36, Request_1015
26996, 15183, 59856.86, Request_1016
4838, 16257, 59925.74, Request_1017
11392, 37335, 59970.28, Request_1018
53642, 11941, 59999.19, Request_1019
12574, 53637, 60035.7, Request_1020
2630, 46289, 60042.53, Request_1021
6522, 40413, 60059.74, Request_1022
50870, 11857, 60070.14, Request_1023
26138, 28575, 60090.76, Request_1024
30418, 35333, 60104.73, Request_1025
22854, 16257, 60185.19, Request_1026
54958, 7399, 60197.53, Request_1027
4094, 27473, 60230.61, Request_1028
24076, 18179, 60233.45, Request_1029
2630, 15575, 60269.35, Request_1030
54958, 46265, 60299.94, Request_1031
38496, 15861, 60374.27, Request_1032
12568, 33799, 60394.58, Request_1033
9510, 10899, 60470.77, Request_1034
5190, 853, 60509.15, Request_1035
15578, 7283, 60542.18, Request_1036
144, 6495, 60544.81, Request_1037
8260, 37255, 60558.57, Request_1038
6376, 33453, 60563.44, Request_1039
33104, 28011, 60567.85, Request_1040
26610, 37269, 60623.05, Request_1041
42970, 18329, 60639.12, Request_1042
6638, 11055, 60648.35, Request_1043
50136, 36269, 60651.02, Request_1044
21464, 14339, 60725.98, Request_1045
49154, 13489, 60839.97, Request_1046
18772, 54971, 60902.14, Request_1047
34610, 33723, 60915.01, Request_1048
51244, 32157, 60936.68, Request_1049
36536, 37335, 60974.17, Request_1050
1324, 2911, 61005.01, Request_1051
2642, 18829, 61034.91, Request_1052
9230, 23419, 61044.52, Request_1053
33108, 50139, 61055.86, Request_1054
47308, 48893, 61253.29, Request_1055
6022, 5245, 61306.8, Request_1056
28398, 26139, 61365.85, Request_1057
19994, 28207, 61406.07, Request_1058
19510, 45571, 61406.7, Request_1059
8090, 9333, 61486.42, Request_1060
10914, 53735, 61565.83, Request_1061
9206, 2895, 61588.64, Request_1062
27200, 27177, 61602.21, Request_1063
54958, 4987, 61727.36, Request_1064
6748, 22725, 61757.13, Request_1065
24772, 12471, 61882.22, Request_1066
6738, 15199, 61913.54, Request_1067
50712, 15859, 62045.9, Request_1068
45072, 51515, 62110.33, Request_1069
19548, 26671, 62162.95, Request_1070
2350, 36841, 62217.02, Request_1071
48374, 43977, 62225.96, Request_1072
20270, 22375, 62256.98, Request_1073
26536, 20127, 62300.91, Request_1074
54774, 10961, 62305.74, Request_1075
51018, 17295, 62342.61, Request_1076
38942, 34057, 62474.61, Request_1077
15170, 12959, 62525.87, Request_1078
43556, 26139, 62535.24, Request_1079
20482, 4151, 62590.9, Request_1080
4314, 3745, 62592.75, Request_1081
29544, 26807, 62626.35, Request_1082
29288, 9631, 62656.94, Request_1083
4820, 13167, 62767.55, Request_1084
35814, 26829, 62956.34, Request_1085
3674, 54515, 63026.12, Request_1086
12470, 27767, 63028.33, Request_1087
14622, 22263, 63035.31, Request_1088
3018, 24773, 63048.85, Request_1089
2492, 37335, 63084.25, Request_1090
54042, 52023, 63100.29, Request_1091
144, 29491, 63147.39, Request_1092
25188, 23413, 63159.01, Request_1093
44092, 8433, 63190.31, Request_1094
3072, 18329, 63200.42, Request_1095
27770, 12049, 63232.95, Request_1096
21464, 49889, 63250.35, Request_1097
3014, 33525, 63260.78, Request_1098
14326, 55465, 63273.38, Request_1099
5704, 2049, 63374.9, Request_1100
9492, 34273, 63436.95, Request_1101
750, 42863, 63556.11, Request_1102
54958, 20077, 63596.24, Request_1103
34308, 27491, 63621.92, Request_1104
4044, 7787, 63714.46, Request_1105
15564, 5907, 63814.92, Request_1106
2514, 53525, 63820.44, Request_1107
20572, 42231, 63865.51, Request_1108
41106, 10279, 63894.69, Request_1109
33154, 8435, 63970.73, Request_1110
10964, 10349, 63978.57, Request_1111
36012, 41179, 63981.2, Request_1112
9954, 18183, 64001.81, Request_1113
36038, 45707, 64078.33, Request_1114
36692, 31099, 64292.07, Request_1115
19596, 7777, 64372.9, Request_1116
8570, 2787, 64473.55, Request_1117
46050, 25445, 64607.08, Request_1118
17296, 45923, 64614.69, Request_1119
34152, 37335, 64646.74, Request_1120
8090, 9333, 64649.85, Request_1121
54652, 145, 64664.82, Request_1122
5112, 37335, 64754.09, Request_1123
50870, 6001, 64762.15, Request_1124
13044, 25771, 64831.33, Request_1125
13612, 10759, 64916.46, Request_1126
3120, 46647, 65009.93, Request_1127
3842, 39707, 65124.13, Request_1128
28942, 26981, 65202.12, Request_1129
25936, 15199, 65295.99, Request_1130
35240, 39751, 65317.51, Request_1131
27190, 18329, 65398.52, Request_1132
43192, 36219, 65416.32, Request_1133
36862, 34275, 65491.7, Request_1134
33412, 48901, 65513.55, Request_1135
39138, 11741, 65630.08, Request_1136
3120, 23277, 65730.15, Request_1137
2630, 31287, 65921.75, Request_1138
5986, 3607, 65923.3, Request_1139
6408, 25939, 65989.62, Request_1140
45072, 31203, 66076.78, Request_1141
11604, 705, 66090.87, Request_1142
26312, 15199, 66122.58, Request_1143
44316, 15199, 66173.79, Request_1144
30656, 15595, 66202.06, Request_1145
5240, 53229, 66317.87, Request_1146
30596, 52141, 66341.7, Request_1147
48472, 37335, 66360.21, Request_1148
32122, 34279, 66377.79, Request_1149
33144, 36193, 66395.62, Request_1150
53506, 31055, 66408.37, Request_1151
43390, 37335, 66465.09, Request_1152
21238, 23373, 66493.0, Request_1153
21464, 27987, 66512.87, Request_1154
14846, 51341, 66574.88, Request_1155
12092, 12743, 66672.84, Request_1156
26138, 22031, 66687.59, Request_1157
43610, 20665, 66689.71, Request_1158
18056, 19657, 66710.94, Request_1159
21464, 9593, 66756.14, Request_1160
6822, 34921, 66757.9, Request_1161
33154, 38461, 66789.96, Request_1162
44422, 37335, 66796.64, Request_1163
25986, 25779, 66924.78, Request_1164
3636, 18775, 66949.07, Request_1165
45144, 2299, 66958.47, Request_1166
34322, 14659, 66999.65, Request_1167
32730, 18083, 67003.38, Request_1168
34432, 18063, 67096.71, Request_1169
44424, 31965, 67122.48, Request_1170
10574, 41381, 67172.26, Request_1171
19276, 33927, 67176.1, Request_1172
11244, 14999, 67310.77, Request_1173
6820, 11945, 67314.2, Request_1174
8102, 589, 67343.52, Request_1175
25782, 3737, 67370.86, Request_1176
45072, 16987, 67578.71, Request_1177
44392, 25445, 67596.25, Request_1178
17356, 41363, 67637.06, Request_1179
4138, 32717, 67641.52, Request_1180
21464, 53043, 67766.68, Request_1181
332, 36197, 67842.68, Request_1182
26138, 4561, 67857.74, Request_1183
2208, 37335, 67877.58, Request_1184
16590, 37335, 67898.89, Request_1185
774, 15945, 67900.29, Request_1186
53514, 43455, 67980.16, Request_1187
3120, 22533, 67992.64, Request_1188
2884, 33099, 68000.39, Request_1189
752, 51219, 68074.5, Request_1190
54302, 20101, 68222.07, Request_1191
34072, 25445, 68231.49, Request_1192
34526, 19819, 68346.99, Request_1193
54548, 35347, 68368.44, Request_1194
44592, 24839, 68420.4, Request_1195
3120, 21881, 68452.04, Request_1196
22282, 11531, 68459.49, Request_1197
26642, 4821, 68546.58, Request_1198
50870, 27751, 68585.0, Request_1199
23274, 15263, 68601.52, Request_1200
38942, 9729, 68815.2, Request_1201
34020, 26139, 68822.46, Request_1202
46920, 39035, 68853.8, Request_1203
46604, 26875, 68902.95, Request_1204
26982, 753, 68905.41, Request_1205
770, 589, 68934.54, Request_1206
12098, 2859, 68994.92, Request_1207
1336, 8123, 68995.78, Request_1208
4930, 29171, 69009.28, Request_1209
41748, 14745, 69031.29, Request_1210
21442, 28813, 69089.38, Request_1211
22260, 3657, 69154.66, Request_1212
3752, 44225, 69179.6, Request_1213
35742, 2845, 69216.88, Request_1214
28116, 35461, 69246.27, Request_1215
48362, 2631, 69277.94, Request_1216
54830, 19655, 69295.48, Request_1217
18750, 6081, 69311.08, Request_1218
43192, 52439, 69317.83, Request_1219
11032, 34711, 69335.22, Request_1220
8034, 48165, 69393.04, Request_1221
49686, 53409, 69491.48, Request_1222
38054, 13087, 69492.36, Request_1223
45072, 45279, 69506.94, Request_1224
3120, 24753, 69526.53, Request_1225
26488, 12491, 69533.87, Request_1226
13534, 20107, 69687.68, Request_1227
54920, 18389, 69697.39, Request_1228
44592, 24839, 69706.88, Request_1229
46146, 1385, 69792.61, Request_1230
45702, 7863, 69798.38, Request_1231
45008, 48407, 69812.67, Request_1232
28932, 37335, 69815.55, Request_1233
38942, 8169, 69824.69, Request_1234
17462, 449, 69864.16, Request_1235
20308, 7443, 69935.48, Request_1236
24840, 14703, 69940.12, Request_1237
50870, 35343, 69970.56, Request_1238
7758, 37335, 69980.62, Request_1239
3930, 8453, 70041.03, Request_1240
14618, 15199, 70070.75, Request_1241
30792, 30965, 70080.69, Request_1242
20930, 37335, 70082.73, Request_1243
51134, 18563, 70096.91, Request_1244
13608, 37335, 70189.86, Request_1245
322, 22451, 70298.79, Request_1246
14232, 53787, 70301.46, Request_1247
26598, 48179, 70353.63, Request_1248
29250, 14875, 70367.79, Request_1249
15858, 1923, 70375.6, Request_1250
27296, 8335, 70431.19, Request_1251
50870, 22263, 70481.38, Request_1252
50870, 35715, 70506.61, Request_1253
27644, 7491, 70558.09, Request_1254
3578, 29121, 70655.01, Request_1255
34304, 27485, 70706.18, Request_1256
24038, 48337, 70707.31, Request_1257
41744, 21507, 70710.83, Request_1258
1230, 28895, 70721.19, Request_1259
53208, 2295, 70724.7, Request_1260
52416, 30751, 70725.49, Request_1261
8616, 39833, 70776.64, Request_1262
16008, 1437, 70781.34, Request_1263
16592, 781, 70836.98, Request_1264
42914, 18329, 70857.62, Request_1265
304, 46645, 70876.02, Request_1266
54968, 19221, 71010.49, Request_1267
9780, 35683, 71048.95, Request_1268
36526, 11269, 71086.74, Request_1269
4840, 52251, 71182.71, Request_1270
850, 46603, 71183.0, Request_1271
21464, 757, 71205.51, Request_1272
9906, 37685, 71224.92, Request_1273
48740, 36507, 71331.61, Request_1274
46954, 12705, 71331.61, Request_1275
10128, 53727, 71374.81, Request_1276
30888, 44409, 71403.94, Request_1277
21464, 3153, 71430.9, Request_1278
7020, 17303, 71441.26, Request_1279
9906, 37685, 71516.04, Request_1280
14618, 15199, 71575.82, Request_1281
44144, 25979, 71578.46, Request_1282
10988, 4055, 71579.8, Request_1283
846, 16613, 71627.47, Request_1284
770, 589, 71633.96, Request_1285
12146, 26139, 71645.41, Request_1286
20626, 20687, 71652.53, Request_1287
26626, 24251, 71678.32, Request_1288
36290, 52469, 71678.94, Request_1289
50338, 37335, 71736.34, Request_1290
27318, 38245, 71751.21, Request_1291
10292, 34277, 71762.61, Request_1292
534, 44057, 71823.4, Request_1293
27656, 35987, 71829.37, Request_1294
11260, 33483, 71965.33, Request_1295
4506, 52695, 71996.49, Request_1296
26138, 26837, 72059.48, Request_1297
39204, 36111, 72193.31, Request_1298
6450, 36155, 72194.1, Request_1299
26874, 469, 72249.9, Request_1300
25320, 50503, 72254.37, Request_1301
24530, 13723, 72321.3, Request_1302
32688, 3569, 72328.5, Request_1303
6018, 6135, 72338.79, Request_1304
17960, 30629, 72390.4, Request_1305
30692, 25987, 72391.97, Request_1306
27656, 25779, 72490.87, Request_1307
26770, 12383, 72517.92, Request_1308
29584, 6507, 72564.14, Request_1309
6392, 14691, 72601.65, Request_1310
20898, 4277, 72642.72, Request_1311
41178, 53673, 72736.14, Request_1312
19820, 53371, 72769.4, Request_1313
41750, 21595, 72782.09, Request_1314
10768, 29155, 72876.07, Request_1315
17720, 38295, 72922.07, Request_1316
6786, 11295, 72983.99, Request_1317
53642, 27413, 73007.75, Request_1318
38360, 19821, 73092.54, Request_1319
28194, 36139, 73108.6, Request_1320
10028, 36511, 73118.74, Request_1321
50140, 18353, 73165.41, Request_1322
13790, 2631, 73220.3, Request_1323
24852, 34277, 73327.24, Request_1324
8334, 25801, 73357.18, Request_1325
8334, 25801, 73357.18, Request_1326
21464, 20613, 73360.91, Request_1327
6688, 48369, 73378.94, Request_1328
17664, 36281, 73398.34, Request_1329
17722, 15715, 73405.42, Request_1330
37968, 2239, 73415.44, Request_1331
49442, 16755, 73433.34, Request_1332
45072, 8285, 73443.85, Request_1333
25444, 3739, 73491.48, Request_1334
15850, 48763, 73503.38, Request_1335
13460, 11227, 73509.25, Request_1336
11244, 38303, 73510.9, Request_1337
32588, 28369, 73541.13, Request_1338
5988, 2631, 73544.57, Request_1339
31172, 3559, 73571.21, Request_1340
54958, 6303, 73674.32, Request_1341
120, 45805, 73685.04, Request_1342
21464, 35419, 73694.74, Request_1343
25626, 16593, 73698.63, Request_1344
9696, 52331, 73745.07, Request_1345
54958, 33169, 73805.39, Request_1346
54958, 45039, 73930.94, Request_1347
1766, 31477, 73934.58, Request_1348
45072, 16139, 73968.49, Request_1349
7730, 8339, 74025.73, Request_1350
3252, 1475, 74046.98, Request_1351
10240, 4843, 74155.59, Request_1352
33826, 11671, 74156.36, Request_1353
25780, 455, 74200.34, Request_1354
50386, 53591, 74224.8, Request_1355
18392, 24051, 74264.61, Request_1356
27180, 50689, 74288.26, Request_1357
54958, 16347, 74312.38, Request_1358
32596, 7987, 74313.89, Request_1359
13010, 50025, 74331.28, Request_1360
9580, 25329, 74358.84, Request_1361
12480, 36693, 74368.0, Request_1362
50870, 31443, 74414.09, Request_1363
34802, 33425, 74426.2, Request_1364
19656, 3981, 74592.88, Request_1365
8692, 38851, 74705.63, Request_1366
50290, 37335, 74706.57, Request_1367
20322, 38579, 74788.97, Request_1368
51738, 3643, 74789.0, Request_1369
22970, 37335, 74925.83, Request_1370
6032, 38873, 74969.76, Request_1371
38880, 53009, 75044.61, Request_1372
33736, 27487, 75101.63, Request_1373
20070, 48929, 75241.46, Request_1374
13666, 2631, 75274.2, Request_1375
9946, 2505, 75298.14, Request_1376
39708, 15199, 75325.85, Request_1377
26718, 12139, 75425.55, Request_1378
38942, 33609, 75439.73, Request_1379
16054, 15703, 75534.36, Request_1380
8734, 19887, 75595.84, Request_1381
12172, 8289, 75753.17, Request_1382
39196, 22999, 75816.69, Request_1383
34884, 15199, 75822.74, Request_1384
13648, 16773, 75829.54, Request_1385
17584, 23427, 75841.8, Request_1386
18428, 48085, 75845.36, Request_1387
288, 587, 75848.81, Request_1388
54832, 26191, 75932.42, Request_1389
7618, 4631, 75941.84, Request_1390
25650, 35789, 75981.06, Request_1391
9624, 54971, 75984.06, Request_1392
34942, 17027, 75990.67, Request_1393
16288, 18205, 76005.33, Request_1394
6716, 35253, 76061.0, Request_1395
33668, 7843, 76070.24, Request_1396
53230, 5241, 76098.34, Request_1397
22964, 28351, 76104.13, Request_1398
3826, 3809, 76235.15, Request_1399
15758, 25445, 76235.41, Request_1400
48786, 41217, 76278.06, Request_1401
49886, 1273, 76320.5, Request_1402
32402, 1123, 76416.69, Request_1403
53058, 4763, 76433.27, Request_1404
26602, 759, 76574.63, Request_1405
45302, 779, 76578.96, Request_1406
35032, 40331, 76590.77, Request_1407
35032, 40331, 76590.77, Request_1408
10662, 37479, 76594.57, Request_1409
10662, 37479, 76594.57, Request_1410
41864, 12573, 76598.5, Request_1411
26138, 41649, 76618.83, Request_1412
35724, 25763, 76687.01, Request_1413
50870, 46621, 76766.43, Request_1414
51644, 52461, 76817.37, Request_1415
25444, 7033, 76948.91, Request_1416
25444, 7033, 76948.91, Request_1417
25444, 45071, 76966.24, Request_1418
18548, 29125, 76966.62, Request_1419
49180, 29535, 76974.44, Request_1420
15540, 50141, 76975.63, Request_1421
39068, 45071, 77010.83, Request_1422
52332, 39477, 77132.1, Request_1423
12588, 12965, 77255.0, Request_1424
6678, 37335, 77282.89, Request_1425
24998, 48345, 77322.1, Request_1426
29222, 36789, 77337.26, Request_1427
4976, 15293, 77422.42, Request_1428
11244, 36449, 77483.68, Request_1429
21464, 28971, 77550.1, Request_1430
22780, 44029, 77557.32, Request_1431
12940, 5995, 77583.74, Request_1432
1858, 9243, 77627.3, Request_1433
29022, 52447, 77648.58, Request_1434
4058, 26829, 77728.37, Request_1435
18850, 37335, 77807.58, Request_1436
3584, 37335, 77841.49, Request_1437
12356, 6179, 77869.7, Request_1438
32598, 26139, 77919.03, Request_1439
34072, 25445, 77949.12, Request_1440
38510, 54971, 78060.04, Request_1441
38510, 54971, 78060.04, Request_1442
38184, 18931, 78119.34, Request_1443
3120, 49577, 78172.87, Request_1444
53086, 43491, 78220.0, Request_1445
22990, 16953, 78316.6, Request_1446
38364, 6611, 78352.6, Request_1447
4900, 38353, 78400.37, Request_1448
25930, 37335, 78480.61, Request_1449
45072, 1481, 78499.76, Request_1450
220, 781, 78548.88, Request_1451
38248, 31717, 78564.18, Request_1452
21464, 49609, 78589.69, Request_1453
7872, 31811, 78594.36, Request_1454
19052, 847, 78672.58, Request_1455
52330, 35729, 78675.64, Request_1456
12998, 8343, 78681.25, Request_1457
19044, 36075, 78711.74, Request_1458
51644, 15199, 78756.58, Request_1459
3120, 45071, 78822.11, Request_1460
762, 15305, 78873.42, Request_1461
30028, 36511, 78918.41, Request_1462
48890, 3879, 78937.81, Request_1463
6688, 14609, 78940.47, Request_1464
7954, 26139, 78941.14, Request_1465
45072, 16775, 78985.14, Request_1466
54958, 45011, 79010.04, Request_1467
3674, 17751, 79103.73, Request_1468
18798, 20333, 79154.23, Request_1469
14400, 6599, 79330.05, Request_1470
22824, 37335, 79338.9, Request_1471
14254, 53787, 79339.98, Request_1472
16450, 18945, 79462.46, Request_1473
17902, 25445, 79531.0, Request_1474
19168, 9933, 79541.13, Request_1475
4770, 22821, 79566.89, Request_1476
23016, 1951, 79611.38, Request_1477
46146, 33155, 79612.06, Request_1478
10246, 32307, 79617.98, Request_1479
29052, 15199, 79650.0, Request_1480
18368, 15199, 79660.19, Request_1481
29236, 10545, 79662.22, Request_1482
50136, 14133, 79666.29, Request_1483
35746, 52595, 79748.61, Request_1484
38518, 36579, 79818.97, Request_1485
48018, 52939, 79922.65, Request_1486
54958, 5963, 79925.71, Request_1487
28768, 42235, 79948.49, Request_1488
39708, 25445, 80051.37, Request_1489
48020, 10661, 80059.49, Request_1490
33170, 54971, 80062.02, Request_1491
43530, 2631, 80105.07, Request_1492
49514, 26139, 80106.51, Request_1493
16476, 37335, 80110.63, Request_1494
34430, 18213, 80215.78, Request_1495
51846, 51645, 80281.5, Request_1496
21464, 49603, 80286.74, Request_1497
29950, 3945, 80295.58, Request_1498
19942, 46159, 80329.62, Request_1499
12410, 3651, 80357.31, Request_1500
764, 16239, 80369.83, Request_1501
18774, 10165, 80386.06, Request_1502
6882, 27645, 80417.34, Request_1503
18796, 27733, 80432.78, Request_1504
37880, 6457, 80455.57, Request_1505
47198, 27761, 80508.68, Request_1506
47198, 27761, 80508.68, Request_1507
9988, 10953, 80522.86, Request_1508
54840, 26139, 80538.36, Request_1509
48212, 45449, 80538.8, Request_1510
38942, 8151, 80563.94, Request_1511
19388, 28029, 80573.27, Request_1512
30406, 8337, 80588.89, Request_1513
45072, 46141, 80590.11, Request_1514
8650, 18329, 80639.66, Request_1515
32912, 41413, 80647.2, Request_1516
15820, 3121, 80648.14, Request_1517
19610, 37335, 80695.42, Request_1518
22398, 2927, 80744.8, Request_1519
35212, 4085, 80779.64, Request_1520
33706, 15199, 80831.22, Request_1521
26138, 1891, 80845.89, Request_1522
20908, 45449, 80866.83, Request_1523
20322, 9161, 80886.01, Request_1524
42514, 41677, 80897.67, Request_1525
46332, 54971, 80943.42, Request_1526
18628, 17753, 80978.4, Request_1527
25444, 43467, 81003.57, Request_1528
2876, 8437, 81037.5, Request_1529
2876, 8437, 81037.5, Request_1530
41180, 41751, 81048.22, Request_1531
7744, 1927, 81060.73, Request_1532
54824, 1219, 81072.83, Request_1533
39556, 8279, 81075.19, Request_1534
3650, 52443, 81078.14, Request_1535
24866, 2623, 81096.82, Request_1536
14830, 5835, 81127.77, Request_1537
21464, 17043, 81189.37, Request_1538
24198, 5459, 81242.7, Request_1539
37886, 6807, 81262.39, Request_1540
41726, 44403, 81275.35, Request_1541
38886, 13453, 81275.35, Request_1542
8836, 8775, 81342.01, Request_1543
35330, 8017, 81409.08, Request_1544
54810, 37335, 81539.07, Request_1545
24194, 14209, 81592.51, Request_1546
47252, 37335, 81628.31, Request_1547
10246, 25445, 81676.76, Request_1548
12728, 37335, 81705.05, Request_1549
50236, 20899, 81705.79, Request_1550
40018, 17659, 81775.9, Request_1551
41752, 53629, 81779.73, Request_1552
14262, 24459, 81789.22, Request_1553
23084, 11245, 81828.28, Request_1554
9954, 35495, 81839.88, Request_1555
45784, 31913, 81920.27, Request_1556
34526, 53039, 81946.15, Request_1557
2976, 37335, 81967.72, Request_1558
1096, 37335, 81986.09, Request_1559
17038, 15199, 81997.13, Request_1560
38838, 21017, 82011.09, Request_1561
27716, 38409, 82061.74, Request_1562
3268, 26875, 82087.13, Request_1563
52358, 25445, 82146.61, Request_1564
3900, 24539, 82148.33, Request_1565
20864, 15199, 82250.69, Request_1566
39196, 2807, 82271.9, Request_1567
48412, 7699, 82274.97, Request_1568
3946, 3121, 82327.31, Request_1569
43218, 43217, 82413.66, Request_1570
3972, 2875, 82472.71, Request_1571
33510, 37885, 82480.46, Request_1572
30790, 5907, 82509.9, Request_1573
21464, 17521, 82529.45, Request_1574
21464, 17521, 82529.45, Request_1575
15756, 37335, 82554.6, Request_1576
45896, 33517, 82578.21, Request_1577
45896, 33517, 82578.21, Request_1578
22398, 31305, 82592.69, Request_1579
38942, 24847, 82602.49, Request_1580
24442, 41651, 82641.02, Request_1581
30308, 39131, 82683.56, Request_1582
26912, 26875, 82724.76, Request_1583
25444, 6641, 82738.07, Request_1584
35032, 12941, 82762.9, Request_1585
22398, 17155, 82794.47, Request_1586
7476, 17379, 82801.6, Request_1587
7476, 17379, 82801.6, Request_1588
16666, 2631, 82824.8, Request_1589
2630, 43195, 83146.93, Request_1590
35708, 37335, 83171.81, Request_1591
26598, 14127, 83187.88, Request_1592
17868, 30005, 83211.12, Request_1593
12276, 30529, 83254.62, Request_1594
27684, 19653, 83320.25, Request_1595
50498, 25979, 83405.15, Request_1596
3828, 9189, 83416.29, Request_1597
33164, 54971, 83431.81, Request_1598
38880, 29401, 83561.06, Request_1599
2432, 25445, 83621.41, Request_1600
22574, 4041, 83624.89, Request_1601
44186, 12571, 83673.74, Request_1602
13766, 25445, 83738.28, Request_1603
32930, 45449, 83769.1, Request_1604
11244, 2535, 83791.94, Request_1605
3986, 32721, 83876.02, Request_1606
35348, 54971, 83878.06, Request_1607
41896, 42221, 83890.06, Request_1608
3674, 15993, 84014.53, Request_1609
48668, 4605, 84028.62, Request_1610
41420, 16907, 84111.11, Request_1611
16450, 9087, 84124.68, Request_1612
16450, 9087, 84124.68, Request_1613
25972, 19737, 84179.6, Request_1614
18882, 15519, 84210.04, Request_1615
32942, 25849, 84266.03, Request_1616
8320, 2529, 84470.52, Request_1617
2622, 52097, 84489.13, Request_1618
6790, 54971, 84799.44, Request_1619
32622, 37335, 84809.99, Request_1620
54958, 18433, 84831.45, Request_1621
46044, 25445, 84924.98, Request_1622
50142, 20305, 84930.61, Request_1623
21464, 8443, 84980.46, Request_1624
14212, 17439, 85099.4, Request_1625
21464, 33919, 85161.18, Request_1626
1436, 24817, 85202.22, Request_1627
9160, 31271, 85225.41, Request_1628
16182, 31703, 85337.28, Request_1629
6588, 19657, 85344.49, Request_1630
38886, 20957, 85371.34, Request_1631
12168, 36171, 85520.37, Request_1632
19842, 37335, 85566.12, Request_1633
37022, 38885, 85591.4, Request_1634
26594, 44269, 85607.92, Request_1635
49594, 37335, 85658.66, Request_1636
17306, 6183, 85717.49, Request_1637
17306, 6183, 85717.49, Request_1638
52888, 3121, 85731.89, Request_1639
52944, 23685, 85773.84, Request_1640
31310, 15543, 85788.6, Request_1641
32140, 37335, 85806.33, Request_1642
42080, 34921, 85821.62, Request_1643
4108, 6747, 85990.46, Request_1644
18992, 37335, 85994.16, Request_1645
15292, 9029, 86019.65, Request_1646
13624, 1231, 86175.52, Request_1647
6588, 19657, 86233.02, Request_1648
23388, 6631, 86292.12, Request_1649
32586, 18329, 86299.41, Request_1650
